ValuationDate,Counterparty,NettingSet,TradeID,IMModel,ProductClass,RiskType,Qualifier,Bucket,Label1,Label2,Amount,AmountCurrency,AmountUSD,PaymentCurrency,GroupName
2026-06-30,CP_A,NS_A1,T001,SIMM,RatesFX,Risk_IRCurve,USD,1,2y,OIS,25000,USD,25000,,
2026-06-30,CP_A,NS_A1,T001,SIMM,RatesFX,Risk_IRCurve,USD,1,10y,OIS,-40000,USD,-40000,,
2026-06-30,CP_A,NS_A1,T002,SIMM,RatesFX,Risk_IRCurve,USD,1,5y,Libor3m,12000,USD,12000,,
2026-06-30,CP_A,NS_A1,T003,SIMM,RatesFX,Risk_IRCurve,EUR,1,5y,OIS,-18000,USD,-18000,,
2026-06-30,CP_A,NS_A1,T004,SIMM,RatesFX,Risk_IRCurve,JPY,2,10y,OIS,30000,USD,30000,,
2026-06-30,CP_A,NS_A1,T005,SIMM,RatesFX,Risk_Inflation,EUR,,,,5000,USD,5000,,
2026-06-30,CP_A,NS_A1,T006,SIMM,RatesFX,Risk_XCcyBasis,EUR,,,,2000,USD,2000,,
2026-06-30,CP_A,NS_A1,T007,SIMM,RatesFX,Risk_IRVol,USD,,1y,,150000,USD,150000,,
2026-06-30,CP_A,NS_A1,T007,SIMM,RatesFX,Risk_IRVol,USD,,5y,,-60000,USD,-60000,,
2026-06-30,CP_A,NS_A1,T008,SIMM,RatesFX,Risk_InflationVol,EUR,,2y,,8000,USD,8000,,
2026-06-30,CP_A,NS_A1,T009,SIMM,RatesFX,Risk_FX,EUR,,,,900000,USD,900000,,
2026-06-30,CP_A,NS_A1,T009,SIMM,RatesFX,Risk_FX,JPY,,,,-400000,USD,-400000,,
2026-06-30,CP_A,NS_A1,T009,SIMM,RatesFX,Risk_FX,USD,,,,1000000,USD,1000000,,
2026-06-30,CP_A,NS_A1,T010,SIMM,RatesFX,Risk_FXVol,EURUSD,,1y,,30000,USD,30000,,
2026-06-30,CP_A,NS_A1,T010,SIMM,RatesFX,Risk_FXVol,USDJPY,,6m,,-12000,USD,-12000,,
2026-06-30,CP_A,NS_A1,T011,SIMM,Credit,Risk_CreditQ,ISIN:XS0000000016,3,5y,,15000,USD,15000,USD,
2026-06-30,CP_A,NS_A1,T011,SIMM,Credit,Risk_CreditQ,ISIN:XS0000000016,3,10y,,-5000,USD,-5000,USD,
2026-06-30,CP_A,NS_A1,T012,SIMM,Credit,Risk_CreditQ,ISIN:US0000000026,2,5y,,8000,USD,8000,EUR,
2026-06-30,CP_A,NS_A1,T013,SIMM,Credit,Risk_CreditVol,ISIN:XS0000000016,3,1y,,20000,USD,20000,USD,
2026-06-30,CP_A,NS_A1,T014,SIMM,Credit,Risk_BaseCorr,CDX IG,,,,3000,USD,3000,,
2026-06-30,CP_A,NS_A1,T015,SIMM,Credit,Risk_CreditNonQ,TRANCHE_1,1,5y,,4000,USD,4000,USD,CMBX
2026-06-30,CP_A,NS_A1,T016,SIMM,Credit,Risk_CreditNonQ,TRANCHE_2,2,3y,,-2500,USD,-2500,USD,ABX
2026-06-30,CP_A,NS_A1,T017,SIMM,Credit,Risk_CreditVolNonQ,TRANCHE_1,1,1y,,6000,USD,6000,USD,CMBX
2026-06-30,CP_A,NS_A1,T011,SIMM,Credit,Risk_IRCurve,USD,1,5y,OIS,1500,USD,1500,,
2026-06-30,CP_A,NS_A1,,SIMM,RatesFX,Param_ProductClassMultiplier,RatesFX,,,,1.2,USD,1.2,,
2026-06-30,CP_A,NS_A1,,SIMM,,Param_AddOnNotionalFactor,ProductX,,,,5,USD,5,,
2026-06-30,CP_A,NS_A1,T018,SIMM,,Notional,ProductX,,,,1000000,USD,1000000,,
2026-06-30,CP_B,NS_B1,T101,SIMM,Equity,Risk_Equity,ISIN:KR0000000036,1,,,200000,USD,200000,,
2026-06-30,CP_B,NS_B1,T102,SIMM,Equity,Risk_Equity,ISIN:US0000000046,6,,,-150000,USD,-150000,,
2026-06-30,CP_B,NS_B1,T103,SIMM,Equity,Risk_Equity,EXAMPLE_INDEX,11,,,500000,USD,500000,,
2026-06-30,CP_B,NS_B1,T104,SIMM,Equity,Risk_EquityVol,ISIN:KR0000000036,1,6m,,40000,USD,40000,,
2026-06-30,CP_B,NS_B1,T105,SIMM,Equity,Risk_EquityVol,EXAMPLE_VOL_INDEX,12,1m,,10000,USD,10000,,
2026-06-30,CP_B,NS_B1,T106,SIMM,Equity,Risk_IRCurve,KRW,1,3y,OIS,3000,USD,3000,,
2026-06-30,CP_B,NS_B1,T107,SIMM,Equity,Risk_FX,KRW,,,,-250000,USD,-250000,,
2026-06-30,CP_B,NS_B1,T108,SIMM,Commodity,Risk_Commodity,CRUDE_OIL_EXAMPLE,2,,,300000,USD,300000,,
2026-06-30,CP_B,NS_B1,T109,SIMM,Commodity,Risk_Commodity,GOLD_EXAMPLE,12,,,-120000,USD,-120000,,
2026-06-30,CP_B,NS_B1,T110,SIMM,Commodity,Risk_CommodityVol,CRUDE_OIL_EXAMPLE,2,1y,,25000,USD,25000,,
2026-06-30,CP_B,NS_B2,T201,SIMM,RatesFX,Risk_IRCurve,USD,1,5y,OIS,-8000,USD,-8000,,
